report_id,receipt_date,drug,drug_role,reactions
5801206-7,20080625,DURAGESIC-100,1,DRUG ADMINISTRATION ERROR;OVERDOSE
10003590,20140312,CLARITIN CHEWABLE TABLETS,1,Overdose
10003614,20140312,CLARITIN CHEWABLE TABLETS,1,Overdose
10003614,20140312,CLARITIN CHEWABLE TABLETS,1,Overdose
10003629,20140312,CLARITIN CHEWABLE TABLETS,1,Overdose
10003629,20140312,CLARITIN CHEWABLE TABLETS,1,Overdose
10003629,20140312,CLARITIN CHEWABLE TABLETS,1,Overdose
10003758,20140312,CLARITIN CHEWABLE TABLETS,1,Overdose
10003925,20140312,CLARITIN CHEWABLE TABLETS,1,Overdose
10003925,20140312,CLARITIN CHEWABLE TABLETS,1,Overdose
10003962,20140312,CLARITIN CHEWABLE TABLETS,1,Overdose
10003962,20140312,CLARITIN CHEWABLE TABLETS,1,Overdose
10004071,20140312,CLARITIN CHEWABLE TABLETS,1,Overdose
10004071,20140312,CLARITIN CHEWABLE TABLETS,1,Overdose
10004071,20140312,CLARITIN CHEWABLE TABLETS,1,Overdose
10004185,20140312,CLARITIN CHEWABLE TABLETS,1,Overdose
10004185,20140312,CLARITIN CHEWABLE TABLETS,1,Overdose
10004190,20140312,CLARITIN CHEWABLE TABLETS,1,Overdose
10004190,20140312,CLARITIN CHEWABLE TABLETS,1,Overdose
10004190,20140312,CLARITIN CHEWABLE TABLETS,1,Overdose
10004212,20140312,CLARITIN CHEWABLE TABLETS,1,Overdose
10004281,20140312,CLARITIN CHEWABLE TABLETS,1,Overdose
10004281,20140312,CLARITIN CHEWABLE TABLETS,1,Overdose
10004307,20140312,CLARITIN CHEWABLE TABLETS,1,Overdose
10004408,20140312,CLARITIN CHEWABLE TABLETS,1,Overdose
10004408,20140312,CLARITIN CHEWABLE TABLETS,1,Overdose
10004408,20140312,CLARITIN CHEWABLE TABLETS,1,Overdose
10004408,20140312,SINGULAIR,2,Overdose
10004438,20140312,CLARITIN CHEWABLE TABLETS,1,Overdose
10004438,20140312,CLARITIN CHEWABLE TABLETS,1,Overdose
10004439,20140312,CLARITIN CHEWABLE TABLETS,1,Overdose
10004439,20140312,CLARITIN CHEWABLE TABLETS,1,Overdose
10004439,20140312,CLARITIN CHEWABLE TABLETS,1,Overdose
10004439,20140312,PROVENTIL,2,Overdose
10004439,20140312,[COMPOSITION UNSPECIFIED],2,Overdose
10004447,20140312,CLARITIN CHEWABLE TABLETS,1,Overdose
10004447,20140312,CLARITIN CHEWABLE TABLETS,1,Overdose
10004449,20140312,CLARITIN CHEWABLE TABLETS,1,Overdose
10004495,20140312,CLARITIN CHEWABLE TABLETS,1,Overdose
10004495,20140312,CLARITIN CHEWABLE TABLETS,1,Overdose
10004502,20140312,CLARITIN CHEWABLE TABLETS,1,Overdose
10004508,20140312,CLARITIN CHEWABLE TABLETS,1,Overdose
10004518,20140312,CLARITIN CHEWABLE TABLETS,1,Overdose
10004518,20140312,CLARITIN CHEWABLE TABLETS,1,Overdose
10004660,20140312,CLARITIN CHEWABLE TABLETS,1,Overdose
10004660,20140312,CLARITIN CHEWABLE TABLETS,1,Overdose
10004665,20140312,CLARITIN CHEWABLE TABLETS,1,Accidental exposure to product by child;Overdose
10004707,20140820,DIOVAN,2,Hip fracture;Visual impairment;Overdose;Rehabilitation therapy;Gait disturbance;Mobility decreased;Dizziness;Fall
10004707,20140820,ROPINIROLE.,2,Hip fracture;Visual impairment;Overdose;Rehabilitation therapy;Gait disturbance;Mobility decreased;Dizziness;Fall
10004707,20140820,MINERALS,1,Hip fracture;Visual impairment;Overdose;Rehabilitation therapy;Gait disturbance;Mobility decreased;Dizziness;Fall
10004707,20140820,LAMICTAL,1,Hip fracture;Visual impairment;Overdose;Rehabilitation therapy;Gait disturbance;Mobility decreased;Dizziness;Fall
10004707,20140820,ANTACIDS,1,Hip fracture;Visual impairment;Overdose;Rehabilitation therapy;Gait disturbance;Mobility decreased;Dizziness;Fall
10004707,20140820,ASPIRIN.,2,Hip fracture;Visual impairment;Overdose;Rehabilitation therapy;Gait disturbance;Mobility decreased;Dizziness;Fall
10004707,20140820,KEPPRA,2,Hip fracture;Visual impairment;Overdose;Rehabilitation therapy;Gait disturbance;Mobility decreased;Dizziness;Fall
10004707,20140820,UNKNOWN MEDICATION,2,Hip fracture;Visual impairment;Overdose;Rehabilitation therapy;Gait disturbance;Mobility decreased;Dizziness;Fall
10004707,20140820,VITAMINS,1,Hip fracture;Visual impairment;Overdose;Rehabilitation therapy;Gait disturbance;Mobility decreased;Dizziness;Fall
10004707,20140820,LAMICTAL XR,1,Hip fracture;Visual impairment;Overdose;Rehabilitation therapy;Gait disturbance;Mobility decreased;Dizziness;Fall
10004857,20140312,CLARITIN CHEWABLE TABLETS,1,Overdose
10004868,20140312,METHADONE,1,Acute respiratory distress syndrome;Respiratory distress;Hypoxia;Lung infiltration;Hypoventilation;Bradypnoea;Respiratory acidosis;Coma;Unresponsive to stimuli;Miosis;Hyperhidrosis;Agitation;Toxicity to various agents;Accidental overdose;Rales
10004978,20140312,CLARITIN CHEWABLE TABLETS,1,Overdose
10004978,20140312,CLARITIN CHEWABLE TABLETS,1,Overdose
10004978,20140312,PULMICORT,2,Overdose
10004978,20140312,XOPENEX,2,Overdose
10005004,20140312,CLARITIN CHEWABLE TABLETS,1,Overdose;Off label use
10005007,20140312,CLARITIN CHEWABLE TABLETS,1,Overdose
10005007,20140312,CLARITIN CHEWABLE TABLETS,1,Overdose
10005007,20140312,SINGULAIR,2,Overdose
10005035,20140312,CLARITIN CHEWABLE TABLETS,1,Overdose
10005035,20140312,CLARITIN CHEWABLE TABLETS,1,Overdose
10005048,20140312,CLARITIN CHEWABLE TABLETS,1,Overdose
10005053,20140312,CLARITIN CHEWABLE TABLETS,1,Overdose
10005053,20140312,CLARITIN,1,Overdose
10005053,20140312,CLARITIN,1,Overdose
10005059,20140312,CLARITIN REDITABS,1,Accidental exposure to product by child;Overdose
10005059,20140312,CLARITIN CHEWABLE TABLETS,1,Accidental exposure to product by child;Overdose
10005060,20140312,CLARITIN CHEWABLE TABLETS,1,Overdose
10005060,20140312,CLARITIN CHEWABLE TABLETS,1,Overdose
10005145,20140312,CLARITIN CHEWABLE TABLETS,1,Overdose
10005159,20140312,CLARITIN CHEWABLE TABLETS,1,Overdose
10005159,20140312,CLARITIN CHEWABLE TABLETS,1,Overdose
10005247,20140312,CLARITIN CHEWABLE TABLETS,1,Overdose
10005247,20140312,CLARITIN CHEWABLE TABLETS,1,Overdose
10005247,20140312,CLARITIN CHEWABLE TABLETS,1,Overdose
10005255,20140312,CLARITIN CHEWABLE TABLETS,1,Overdose
10005255,20140312,CLARITIN CHEWABLE TABLETS,1,Overdose
10005255,20140312,CLARITIN CHEWABLE TABLETS,1,Overdose
10005262,20140312,CLARITIN CHEWABLE TABLETS,1,Overdose
10005262,20140312,CLARITIN CHEWABLE TABLETS,1,Overdose
10005424,20140313,VERAPAMIL,1,Cardiogenic shock;Intentional overdose;Multi-organ failure;Metabolic acidosis;Sinus bradycardia;Hypotension;Renal failure acute;Electrocardiogram QT prolonged
10005424,20140313,BISOPROLOL,1,Cardiogenic shock;Intentional overdose;Multi-organ failure;Metabolic acidosis;Sinus bradycardia;Hypotension;Renal failure acute;Electrocardiogram QT prolonged
10005426,20140312,SUBOXONE FILM,1,Gallbladder disorder;Hand fracture;Pain;Prescribed overdose;Oral discomfort;Leukoplakia oral
10005426,20140312,SUBOXONE FILM,1,Gallbladder disorder;Hand fracture;Pain;Prescribed overdose;Oral discomfort;Leukoplakia oral
10005426,20140312,SUBOXONE FILM,1,Gallbladder disorder;Hand fracture;Pain;Prescribed overdose;Oral discomfort;Leukoplakia oral
10005426,20140312,ZUBSOLV,1,Gallbladder disorder;Hand fracture;Pain;Prescribed overdose;Oral discomfort;Leukoplakia oral
10005611,20140313,TECFIDERA,1,Overdose;Diarrhoea
10005611,20140313,TECFIDERA,1,Overdose;Diarrhoea
10005883,20220812,ACETAMINOPHEN,1,Drug-induced liver injury;Intentional overdose;Suicide attempt
10005883,20220812,TRAMADOL,1,Drug-induced liver injury;Intentional overdose;Suicide attempt
10005883,20220812,BROMAZEPAM,1,Drug-induced liver injury;Intentional overdose;Suicide attempt
10005883,20220812,ZOLPIDEM,1,Drug-induced liver injury;Intentional overdose;Suicide attempt
10005883,20220812,CETIRIZINE,1,Drug-induced liver injury;Intentional overdose;Suicide attempt
10006151,20140313,ERLOTINIB TABLET,1,Incorrect dose administered;Overdose;Death
10006151,20140313,RELISTOR,2,Incorrect dose administered;Overdose;Death
10006341,20140313,REMERON,1,Coma;Suicide attempt;Suicide attempt;Tachycardia;Oxygen saturation decreased;Electrocardiogram QT prolonged;Hypotension;Endotracheal intubation;Poisoning;Overdose;Overdose
10006341,20140313,REMERON SOLTAB,1,Coma;Suicide attempt;Suicide attempt;Tachycardia;Oxygen saturation decreased;Electrocardiogram QT prolonged;Hypotension;Endotracheal intubation;Poisoning;Overdose;Overdose
10006341,20140313,DIAZEPAM,1,Coma;Suicide attempt;Suicide attempt;Tachycardia;Oxygen saturation decreased;Electrocardiogram QT prolonged;Hypotension;Endotracheal intubation;Poisoning;Overdose;Overdose
10006341,20140313,LISINOPRIL,1,Coma;Suicide attempt;Suicide attempt;Tachycardia;Oxygen saturation decreased;Electrocardiogram QT prolonged;Hypotension;Endotracheal intubation;Poisoning;Overdose;Overdose
10006341,20140313,CLORAZEPATE DIPOTASSIUM,1,Coma;Suicide attempt;Suicide attempt;Tachycardia;Oxygen saturation decreased;Electrocardiogram QT prolonged;Hypotension;Endotracheal intubation;Poisoning;Overdose;Overdose
10006341,20140313,CLORAZEPATE DIPOTASSIUM,1,Coma;Suicide attempt;Suicide attempt;Tachycardia;Oxygen saturation decreased;Electrocardiogram QT prolonged;Hypotension;Endotracheal intubation;Poisoning;Overdose;Overdose
10006341,20140313,AGOMELATINE,1,Coma;Suicide attempt;Suicide attempt;Tachycardia;Oxygen saturation decreased;Electrocardiogram QT prolonged;Hypotension;Endotracheal intubation;Poisoning;Overdose;Overdose
10006341,20140313,AGOMELATINE,1,Coma;Suicide attempt;Suicide attempt;Tachycardia;Oxygen saturation decreased;Electrocardiogram QT prolonged;Hypotension;Endotracheal intubation;Poisoning;Overdose;Overdose
10006341,20140313,OLANZAPINE,1,Coma;Suicide attempt;Suicide attempt;Tachycardia;Oxygen saturation decreased;Electrocardiogram QT prolonged;Hypotension;Endotracheal intubation;Poisoning;Overdose;Overdose
10006341,20140313,LEVOMEPROMAZINE,1,Coma;Suicide attempt;Suicide attempt;Tachycardia;Oxygen saturation decreased;Electrocardiogram QT prolonged;Hypotension;Endotracheal intubation;Poisoning;Overdose;Overdose
10006341,20140313,ALPRAZOLAM,1,Coma;Suicide attempt;Suicide attempt;Tachycardia;Oxygen saturation decreased;Electrocardiogram QT prolonged;Hypotension;Endotracheal intubation;Poisoning;Overdose;Overdose
10006341,20140313,FLURAZEPAM,1,Coma;Suicide attempt;Suicide attempt;Tachycardia;Oxygen saturation decreased;Electrocardiogram QT prolonged;Hypotension;Endotracheal intubation;Poisoning;Overdose;Overdose
10006878,20140313,VYVANSE,1,Drug effect decreased;Overdose;Inappropriate schedule of drug administration;Drug prescribing error
10006878,20140313,VYVANSE,1,Drug effect decreased;Overdose;Inappropriate schedule of drug administration;Drug prescribing error
10006878,20140313,VYVANSE,1,Drug effect decreased;Overdose;Inappropriate schedule of drug administration;Drug prescribing error
10006878,20140313,VYVANSE,1,Drug effect decreased;Overdose;Inappropriate schedule of drug administration;Drug prescribing error
10006878,20140313,VITAMIN C                          /00008001/,2,Drug effect decreased;Overdose;Inappropriate schedule of drug administration;Drug prescribing error
10006878,20140313,VITAMIN B,2,Drug effect decreased;Overdose;Inappropriate schedule of drug administration;Drug prescribing error
10007130,20140313,NOXAFIL,1,Death;Multi-organ failure;Overdose;Escherichia infection
10007365,20140313,PROPRANOLOL,1,Overdose;Coma scale abnormal;Heart rate decreased;Blood pressure systolic decreased;Metabolic acidosis
10007365,20140313,QUETIAPINE,1,Overdose;Coma scale abnormal;Heart rate decreased;Blood pressure systolic decreased;Metabolic acidosis
10007365,20140313,ESCITALOPRAM,1,Overdose;Coma scale abnormal;Heart rate decreased;Blood pressure systolic decreased;Metabolic acidosis
10007365,20140313,ATORVASTATIN,1,Overdose;Coma scale abnormal;Heart rate decreased;Blood pressure systolic decreased;Metabolic acidosis
10007365,20140313,CLONIDINE,1,Overdose;Coma scale abnormal;Heart rate decreased;Blood pressure systolic decreased;Metabolic acidosis
10007365,20140313,LORAZEPAM,1,Overdose;Coma scale abnormal;Heart rate decreased;Blood pressure systolic decreased;Metabolic acidosis
10007419,20140313,LAMICTAL,1,Loss of consciousness;Psychomotor hyperactivity;Intentional overdose
10007419,20140313,FRISIUM,1,Loss of consciousness;Psychomotor hyperactivity;Intentional overdose
10008006,20140313,SINTROM,1,Syncope;Asthenia;Electrocardiogram ST segment abnormal;Subdural haematoma;Nausea;Vomiting;Overdose
10008006,20140313,SINTROM,3,Syncope;Asthenia;Electrocardiogram ST segment abnormal;Subdural haematoma;Nausea;Vomiting;Overdose
10008006,20140313,METOPROLOL,1,Syncope;Asthenia;Electrocardiogram ST segment abnormal;Subdural haematoma;Nausea;Vomiting;Overdose
10008006,20140313,DIGOXIN,1,Syncope;Asthenia;Electrocardiogram ST segment abnormal;Subdural haematoma;Nausea;Vomiting;Overdose
10008006,20140313,DIGOXIN,1,Syncope;Asthenia;Electrocardiogram ST segment abnormal;Subdural haematoma;Nausea;Vomiting;Overdose
10008006,20140313,DIGOXIN,1,Syncope;Asthenia;Electrocardiogram ST segment abnormal;Subdural haematoma;Nausea;Vomiting;Overdose
10008006,20140313,CORDARONE,3,Syncope;Asthenia;Electrocardiogram ST segment abnormal;Subdural haematoma;Nausea;Vomiting;Overdose
10008006,20140313,LISITRIL,2,Syncope;Asthenia;Electrocardiogram ST segment abnormal;Subdural haematoma;Nausea;Vomiting;Overdose
10008006,20140313,ALDACTONE,2,Syncope;Asthenia;Electrocardiogram ST segment abnormal;Subdural haematoma;Nausea;Vomiting;Overdose
10008006,20140313,TOREM,2,Syncope;Asthenia;Electrocardiogram ST segment abnormal;Subdural haematoma;Nausea;Vomiting;Overdose
10008006,20140313,EZETROL,2,Syncope;Asthenia;Electrocardiogram ST segment abnormal;Subdural haematoma;Nausea;Vomiting;Overdose
10008006,20140313,ELTROXIN,2,Syncope;Asthenia;Electrocardiogram ST segment abnormal;Subdural haematoma;Nausea;Vomiting;Overdose
10008006,20140313,ELTROXIN,2,Syncope;Asthenia;Electrocardiogram ST segment abnormal;Subdural haematoma;Nausea;Vomiting;Overdose
10008006,20140313,HYDROCORTISONE,2,Syncope;Asthenia;Electrocardiogram ST segment abnormal;Subdural haematoma;Nausea;Vomiting;Overdose
10008087,20140313,VENLAFAXINE HCL,1,Ventricular tachycardia;Acute hepatic failure;Renal failure acute;Convulsion;Toxicity to various agents;Intentional overdose;Dyspnoea;Acidosis
10008087,20140313,OLANZAPINE,2,Ventricular tachycardia;Acute hepatic failure;Renal failure acute;Convulsion;Toxicity to various agents;Intentional overdose;Dyspnoea;Acidosis
10008153,20140529,CITALOPRAM HYDROCHLORIDE,1,Drug abuse;Intentional self-injury;Sopor;Overdose
10008153,20140529,CYMBALTA,1,Drug abuse;Intentional self-injury;Sopor;Overdose
10008660,20140312,JAKAFI,1,Accidental overdose;Blood pressure increased;International normalised ratio decreased
10008695,20140312,JAKAFI,1,Confusional state;Arthralgia;Accidental overdose
10008695,20140312,POTASSIUM,2,Confusional state;Arthralgia;Accidental overdose
10008695,20140312,LASIX,2,Confusional state;Arthralgia;Accidental overdose
10008695,20140312,COREG,2,Confusional state;Arthralgia;Accidental overdose
10008695,20140312,ALLOPURINOL,2,Confusional state;Arthralgia;Accidental overdose
10008695,20140312,CLONIDIN,2,Confusional state;Arthralgia;Accidental overdose
10008695,20140312,INSULIN,2,Confusional state;Arthralgia;Accidental overdose
10009233,20150814,LETAIRIS,1,Overdose
10009233,20150814,LETAIRIS,1,Overdose
10009239,20150814,LETAIRIS,1,Headache;Insomnia;Overdose
10009239,20150814,TYVASO,2,Headache;Insomnia;Overdose
10009239,20150814,ADCIRCA,2,Headache;Insomnia;Overdose
10009239,20150814,REVATIO,2,Headache;Insomnia;Overdose
10010139,20140313,SUBUTEX,1,Hospitalisation;Intentional overdose;Substance abuse;Drug abuse;Maternal exposure during pregnancy;Exposure via father;Foetal growth restriction;Premature delivery
10010139,20140313,SUBUTEX,1,Hospitalisation;Intentional overdose;Substance abuse;Drug abuse;Maternal exposure during pregnancy;Exposure via father;Foetal growth restriction;Premature delivery
10010139,20140313,ALCOHOL,1,Hospitalisation;Intentional overdose;Substance abuse;Drug abuse;Maternal exposure during pregnancy;Exposure via father;Foetal growth restriction;Premature delivery
10010570,20140314,INTUNIV,1,Accidental exposure to product by child;Accidental overdose;No adverse event
10010628,20140312,BUPRENORPHINE/NALOXONE,1,Stupor;Respiratory depression;Overdose;Sedation
10010628,20140312,GABAPENTIN,1,Stupor;Respiratory depression;Overdose;Sedation
10010908,20140314,OXYCODONE HCL,1,Overdose;Drug dependence;Drug abuse
10010908,20140314,COCAINE,1,Overdose;Drug dependence;Drug abuse
10011458,20140331,HYDROCHLOROTHIAZIDE,1,Lactic acidosis;Overdose;Vomiting;Lethargy;Haemodialysis;Hypotension;Metabolic acidosis;Azotaemia;Diabetic ketoacidosis;Drug prescribing error;Toxicity to various agents;Medication error
10011458,20140331,RISPERIDONE,1,Lactic acidosis;Overdose;Vomiting;Lethargy;Haemodialysis;Hypotension;Metabolic acidosis;Azotaemia;Diabetic ketoacidosis;Drug prescribing error;Toxicity to various agents;Medication error
10011458,20140331,SERTRALINE,1,Lactic acidosis;Overdose;Vomiting;Lethargy;Haemodialysis;Hypotension;Metabolic acidosis;Azotaemia;Diabetic ketoacidosis;Drug prescribing error;Toxicity to various agents;Medication error
10011458,20140331,GLIBOMET,1,Lactic acidosis;Overdose;Vomiting;Lethargy;Haemodialysis;Hypotension;Metabolic acidosis;Azotaemia;Diabetic ketoacidosis;Drug prescribing error;Toxicity to various agents;Medication error
10012143,20160407,TAMSULOSIN,1,Fall;Tremor;Mental status changes;Muscle tightness;Respiratory depression;Pain;Incorrect dose administered;Loss of consciousness;Overdose;Hypersensitivity;Lethargy;Muscle spasms;Therapeutic response decreased;Muscle spasticity
10012143,20160407,DANTROLENE,1,Fall;Tremor;Mental status changes;Muscle tightness;Respiratory depression;Pain;Incorrect dose administered;Loss of consciousness;Overdose;Hypersensitivity;Lethargy;Muscle spasms;Therapeutic response decreased;Muscle spasticity
10012143,20160407,BACLOFEN INTRATHECAL,1,Fall;Tremor;Mental status changes;Muscle tightness;Respiratory depression;Pain;Incorrect dose administered;Loss of consciousness;Overdose;Hypersensitivity;Lethargy;Muscle spasms;Therapeutic response decreased;Muscle spasticity
10012143,20160407,BACLOFEN.,1,Fall;Tremor;Mental status changes;Muscle tightness;Respiratory depression;Pain;Incorrect dose administered;Loss of consciousness;Overdose;Hypersensitivity;Lethargy;Muscle spasms;Therapeutic response decreased;Muscle spasticity
10012143,20160407,HYDROMORPHONE,1,Fall;Tremor;Mental status changes;Muscle tightness;Respiratory depression;Pain;Incorrect dose administered;Loss of consciousness;Overdose;Hypersensitivity;Lethargy;Muscle spasms;Therapeutic response decreased;Muscle spasticity
10012143,20160407,SEROQUEL,1,Fall;Tremor;Mental status changes;Muscle tightness;Respiratory depression;Pain;Incorrect dose administered;Loss of consciousness;Overdose;Hypersensitivity;Lethargy;Muscle spasms;Therapeutic response decreased;Muscle spasticity
10012143,20160407,SIMVASTATIN.,1,Fall;Tremor;Mental status changes;Muscle tightness;Respiratory depression;Pain;Incorrect dose administered;Loss of consciousness;Overdose;Hypersensitivity;Lethargy;Muscle spasms;Therapeutic response decreased;Muscle spasticity
10012143,20160407,CYMBALTA,1,Fall;Tremor;Mental status changes;Muscle tightness;Respiratory depression;Pain;Incorrect dose administered;Loss of consciousness;Overdose;Hypersensitivity;Lethargy;Muscle spasms;Therapeutic response decreased;Muscle spasticity
10012143,20160407,BACLOFEN INTRATHECAL,1,Fall;Tremor;Mental status changes;Muscle tightness;Respiratory depression;Pain;Incorrect dose administered;Loss of consciousness;Overdose;Hypersensitivity;Lethargy;Muscle spasms;Therapeutic response decreased;Muscle spasticity
10012143,20160407,POTASSIUM CHLORIDE.,1,Fall;Tremor;Mental status changes;Muscle tightness;Respiratory depression;Pain;Incorrect dose administered;Loss of consciousness;Overdose;Hypersensitivity;Lethargy;Muscle spasms;Therapeutic response decreased;Muscle spasticity
10012143,20160407,BISACODYL.,1,Fall;Tremor;Mental status changes;Muscle tightness;Respiratory depression;Pain;Incorrect dose administered;Loss of consciousness;Overdose;Hypersensitivity;Lethargy;Muscle spasms;Therapeutic response decreased;Muscle spasticity
10012143,20160407,BACLOFEN INTRATHECAL,1,Fall;Tremor;Mental status changes;Muscle tightness;Respiratory depression;Pain;Incorrect dose administered;Loss of consciousness;Overdose;Hypersensitivity;Lethargy;Muscle spasms;Therapeutic response decreased;Muscle spasticity
10012143,20160407,LIORESAL,1,Fall;Tremor;Mental status changes;Muscle tightness;Respiratory depression;Pain;Incorrect dose administered;Loss of consciousness;Overdose;Hypersensitivity;Lethargy;Muscle spasms;Therapeutic response decreased;Muscle spasticity
10012143,20160407,BACLOFEN.,1,Fall;Tremor;Mental status changes;Muscle tightness;Respiratory depression;Pain;Incorrect dose administered;Loss of consciousness;Overdose;Hypersensitivity;Lethargy;Muscle spasms;Therapeutic response decreased;Muscle spasticity
10012143,20160407,FUROSEMIDE.,1,Fall;Tremor;Mental status changes;Muscle tightness;Respiratory depression;Pain;Incorrect dose administered;Loss of consciousness;Overdose;Hypersensitivity;Lethargy;Muscle spasms;Therapeutic response decreased;Muscle spasticity
10012143,20160407,HYDROCHLOROTHIAZIDE.,1,Fall;Tremor;Mental status changes;Muscle tightness;Respiratory depression;Pain;Incorrect dose administered;Loss of consciousness;Overdose;Hypersensitivity;Lethargy;Muscle spasms;Therapeutic response decreased;Muscle spasticity
10012143,20160407,BACLOFEN INTRATHECAL,1,Fall;Tremor;Mental status changes;Muscle tightness;Respiratory depression;Pain;Incorrect dose administered;Loss of consciousness;Overdose;Hypersensitivity;Lethargy;Muscle spasms;Therapeutic response decreased;Muscle spasticity
10012143,20160407,VALIUM,1,Fall;Tremor;Mental status changes;Muscle tightness;Respiratory depression;Pain;Incorrect dose administered;Loss of consciousness;Overdose;Hypersensitivity;Lethargy;Muscle spasms;Therapeutic response decreased;Muscle spasticity
10012334,20140312,MORPHINE SULFATE,1,Overdose
10012713,20140314,SEROQUEL,1,Intentional overdose;Suicide attempt;Somnolence
10012713,20140314,ANTIDEPRESSANTS,2,Intentional overdose;Suicide attempt;Somnolence
10012713,20140314,PSYCHOTROPIC AGENTS,2,Intentional overdose;Suicide attempt;Somnolence
10012713,20140314,"HYPNOTICS AND SEDATIVES, ANTIANXIETICS",2,Intentional overdose;Suicide attempt;Somnolence
10012867,20140314,CARBIDOPA/LEVODOPA (AELLC),1,Dopamine dysregulation syndrome;Intentional overdose
10012867,20140314,CARBIDOPA/LEVODOPA (AELLC),1,Dopamine dysregulation syndrome;Intentional overdose
10012867,20140314,CARBIDOPA/LEVODOPA (AELLC),1,Dopamine dysregulation syndrome;Intentional overdose
10012867,20140314,CARBIDOPA/LEVODOPA (AELLC),1,Dopamine dysregulation syndrome;Intentional overdose
10012867,20140314,RASAGILINE,2,Dopamine dysregulation syndrome;Intentional overdose
10012867,20140314,APOMORPHINE,2,Dopamine dysregulation syndrome;Intentional overdose
10012872,20140314,CELEXA,1,Pathological fracture;Prescribed overdose
10012872,20140314,CELEXA,1,Pathological fracture;Prescribed overdose
10012872,20140314,CELEXA,1,Pathological fracture;Prescribed overdose
10012872,20140314,CALCIUM WITH VITAMIN D,2,Pathological fracture;Prescribed overdose
10012872,20140314,PROLIA,2,Pathological fracture;Prescribed overdose
10012928,20140314,SOVALDI,1,Accidental overdose
10012928,20140314,SOVALDI,1,Accidental overdose
10012953,20140314,ESCITALOPRAM,1,Intentional overdose;Self injurious behaviour;Somnolence
10012953,20140314,RISPERDAL,1,Intentional overdose;Self injurious behaviour;Somnolence
10012953,20140314,TAVOR,1,Intentional overdose;Self injurious behaviour;Somnolence
10012953,20140314,VALIUM,1,Intentional overdose;Self injurious behaviour;Somnolence
10013646,20140315,SPIRIVA,1,Cataract;Cataract;Dyspnoea;Overdose
10013670,20140715,COMBIVENT,1,Nasal congestion;Overdose;Product quality issue
10014063,20140323,AMITRIPTYLINE HYDROCHLORIDE,1,Intentional overdose
10014063,20140323,ETIZOLAM,1,Intentional overdose
10014063,20140323,TRIAZOLAM,1,Intentional overdose
10014220,20140602,HALDOL,1,Self injurious behaviour;Sopor;Intentional overdose;Drug abuse
10014220,20140602,XERISTAR,1,Self injurious behaviour;Sopor;Intentional overdose;Drug abuse
10014232,20140317,TOPAMAX,1,Self injurious behaviour;Intentional overdose
10014232,20140317,EN,1,Self injurious behaviour;Intentional overdose
10014249,20140510,ACETAMINOPHEN,1,Intentional self-injury;Intentional overdose;Abdominal pain;Vomiting
10014249,20140510,ACETAMINOPHEN,1,Intentional self-injury;Intentional overdose;Abdominal pain;Vomiting
10014251,20140331,IXPRIM,1,Hepatocellular injury;Accidental overdose;Medication error
10014577,20140320,SITAGLIPTIN PHOSPHATE,1,Suicide attempt;Intentional overdose;Blood glucose fluctuation
10014577,20140320,SITAGLIPTIN PHOSPHATE,1,Suicide attempt;Intentional overdose;Blood glucose fluctuation
10014577,20140320,SITAGLIPTIN PHOSPHATE,1,Suicide attempt;Intentional overdose;Blood glucose fluctuation
10014816,20140317,SIFROL,1,Hospitalisation;Lymphoedema;Fatigue;Overdose
10014900,20191030,LIPITOR,1,Overdose;Type 2 diabetes mellitus
10014900,20191030,LIPITOR,1,Overdose;Type 2 diabetes mellitus
10014900,20191030,LIPITOR,1,Overdose;Type 2 diabetes mellitus
10014900,20191030,METFORMIN,2,Overdose;Type 2 diabetes mellitus
10014900,20191030,METFORMIN,2,Overdose;Type 2 diabetes mellitus
10014980,20140317,COMBIVENT,1,Overdose
10014980,20140317,ATROVENT,2,Overdose
10014980,20140317,FLOVENT,2,Overdose
10014980,20140317,COREG,2,Overdose
10014980,20140317,MOBIC,2,Overdose
10014980,20140317,PREDNISONE,2,Overdose
10014980,20140317,MICARDIS,2,Overdose
10014980,20140317,VENTOLIN,2,Overdose
10015284,20210726,LYRICA,1,Upper respiratory tract congestion;Off label use;Nasopharyngitis;Prescribed overdose;Drug effective for unapproved indication
10015284,20210726,LYRICA,1,Upper respiratory tract congestion;Off label use;Nasopharyngitis;Prescribed overdose;Drug effective for unapproved indication
10016173,20140317,CLARITIN REDITABS,1,Overdose
10016397,20140317,METHADONE,1,Accidental overdose;Toxicity to various agents;Acute respiratory distress syndrome;Hyperhidrosis;Agitation
10016397,20140317,METHADONE,1,Accidental overdose;Toxicity to various agents;Acute respiratory distress syndrome;Hyperhidrosis;Agitation
10016428,20140317,RIFAMPICIN,1,Intentional overdose;Toxicity to various agents;Completed suicide;Cardiogenic shock;Pulmonary oedema;Cardiomyopathy acute;Cardiac arrest;Acute coronary syndrome;Hypotension;Myocardial infarction;Nausea;Vomiting;Respiratory alkalosis;Hypokalaemia;Metabolic acidosis;Red man syndrome;Pruritus;Hyperhidrosis;Tremor;Dyspnoea;Somnolence
10016428,20140317,ISONIAZID,1,Intentional overdose;Toxicity to various agents;Completed suicide;Cardiogenic shock;Pulmonary oedema;Cardiomyopathy acute;Cardiac arrest;Acute coronary syndrome;Hypotension;Myocardial infarction;Nausea;Vomiting;Respiratory alkalosis;Hypokalaemia;Metabolic acidosis;Red man syndrome;Pruritus;Hyperhidrosis;Tremor;Dyspnoea;Somnolence
10016428,20140317,PYRAZINAMIDE,1,Intentional overdose;Toxicity to various agents;Completed suicide;Cardiogenic shock;Pulmonary oedema;Cardiomyopathy acute;Cardiac arrest;Acute coronary syndrome;Hypotension;Myocardial infarction;Nausea;Vomiting;Respiratory alkalosis;Hypokalaemia;Metabolic acidosis;Red man syndrome;Pruritus;Hyperhidrosis;Tremor;Dyspnoea;Somnolence
10016428,20140317,KETOPROFEN,1,Intentional overdose;Toxicity to various agents;Completed suicide;Cardiogenic shock;Pulmonary oedema;Cardiomyopathy acute;Cardiac arrest;Acute coronary syndrome;Hypotension;Myocardial infarction;Nausea;Vomiting;Respiratory alkalosis;Hypokalaemia;Metabolic acidosis;Red man syndrome;Pruritus;Hyperhidrosis;Tremor;Dyspnoea;Somnolence
10016428,20140317,KETOPROFEN,1,Intentional overdose;Toxicity to various agents;Completed suicide;Cardiogenic shock;Pulmonary oedema;Cardiomyopathy acute;Cardiac arrest;Acute coronary syndrome;Hypotension;Myocardial infarction;Nausea;Vomiting;Respiratory alkalosis;Hypokalaemia;Metabolic acidosis;Red man syndrome;Pruritus;Hyperhidrosis;Tremor;Dyspnoea;Somnolence
10016658,20140317,SOVALDI,1,Overdose
10016658,20140317,SOVALDI,1,Overdose
10016987,20150414,AVONEX,1,Constipation;Pain;Headache;Nausea;Injection site irritation;Mobility decreased;Mental impairment;Gait disturbance;Overdose;Mental disorder;Angina pectoris;Chills;Influenza like illness;Urinary incontinence;Faeces hard;Cardiac flutter;Depression
10016987,20150414,AVONEX,1,Constipation;Pain;Headache;Nausea;Injection site irritation;Mobility decreased;Mental impairment;Gait disturbance;Overdose;Mental disorder;Angina pectoris;Chills;Influenza like illness;Urinary incontinence;Faeces hard;Cardiac flutter;Depression
10016987,20150414,AVONEX,1,Constipation;Pain;Headache;Nausea;Injection site irritation;Mobility decreased;Mental impairment;Gait disturbance;Overdose;Mental disorder;Angina pectoris;Chills;Influenza like illness;Urinary incontinence;Faeces hard;Cardiac flutter;Depression
10017225,20140318,KEPPRA,1,Suicide attempt;Somnolence;Intentional overdose
10017225,20140318,OPIPRAMOL,1,Suicide attempt;Somnolence;Intentional overdose
10017370,20140318,TOPIRAMATE,1,Suicide attempt;Sopor;Intentional overdose;Drug abuse
10017551,20140318,TYLENOL EXTRA STRENGTH,1,Acute hepatic failure;Hepatic necrosis;Pancreatitis;Brain oedema;Crohn^s disease;Overdose
10017551,20140318,TYLENOL EXTRA STRENGTH,1,Acute hepatic failure;Hepatic necrosis;Pancreatitis;Brain oedema;Crohn^s disease;Overdose
10017551,20140318,MORPHINE,2,Acute hepatic failure;Hepatic necrosis;Pancreatitis;Brain oedema;Crohn^s disease;Overdose
10017551,20140318,ELAVIL,2,Acute hepatic failure;Hepatic necrosis;Pancreatitis;Brain oedema;Crohn^s disease;Overdose
10017681,20140318,LATUDA,1,Hypotension;Arrhythmia;Overdose
10017681,20140318,LATUDA,1,Hypotension;Arrhythmia;Overdose
10017929,20140318,RIFAMPICIN,1,Cardiogenic shock;Pulmonary oedema;Overdose;Acute coronary syndrome;Chest pain;Dyspnoea;Red man syndrome;Pruritus
10017929,20140318,ISONIAZIDE,1,Cardiogenic shock;Pulmonary oedema;Overdose;Acute coronary syndrome;Chest pain;Dyspnoea;Red man syndrome;Pruritus
10017929,20140318,PYRAZINAMIDE,1,Cardiogenic shock;Pulmonary oedema;Overdose;Acute coronary syndrome;Chest pain;Dyspnoea;Red man syndrome;Pruritus
10017929,20140318,KETOPROFEN,1,Cardiogenic shock;Pulmonary oedema;Overdose;Acute coronary syndrome;Chest pain;Dyspnoea;Red man syndrome;Pruritus
10017929,20140318,ALCOHOL,1,Cardiogenic shock;Pulmonary oedema;Overdose;Acute coronary syndrome;Chest pain;Dyspnoea;Red man syndrome;Pruritus
10018926,20160713,ADVAIR DISKUS,1,Cough;Wheezing;Eye pain;Pain in jaw;Tooth disorder;Oropharyngeal candidiasis;Visual acuity reduced;Dyspnoea exertional;Candida infection;Multiple sclerosis;Tooth extraction;Overdose;Dyspnoea;Oral candidiasis;Device use error;Therapy cessation;Osteoporosis;Emphysema;Oropharyngeal pain;Throat irritation;Malaise;Bone disorder;Wrong technique in product usage process;Dry mouth;Arthralgia;Muscle spasms;Blood calcium decreased;Off label use;Drug ineffective;Dizziness;Drug administration error
10018926,20160713,IPRATROPIUM BROMIDE.,2,Cough;Wheezing;Eye pain;Pain in jaw;Tooth disorder;Oropharyngeal candidiasis;Visual acuity reduced;Dyspnoea exertional;Candida infection;Multiple sclerosis;Tooth extraction;Overdose;Dyspnoea;Oral candidiasis;Device use error;Therapy cessation;Osteoporosis;Emphysema;Oropharyngeal pain;Throat irritation;Malaise;Bone disorder;Wrong technique in product usage process;Dry mouth;Arthralgia;Muscle spasms;Blood calcium decreased;Off label use;Drug ineffective;Dizziness;Drug administration error
10018926,20160713,LORAZEPAM.,2,Cough;Wheezing;Eye pain;Pain in jaw;Tooth disorder;Oropharyngeal candidiasis;Visual acuity reduced;Dyspnoea exertional;Candida infection;Multiple sclerosis;Tooth extraction;Overdose;Dyspnoea;Oral candidiasis;Device use error;Therapy cessation;Osteoporosis;Emphysema;Oropharyngeal pain;Throat irritation;Malaise;Bone disorder;Wrong technique in product usage process;Dry mouth;Arthralgia;Muscle spasms;Blood calcium decreased;Off label use;Drug ineffective;Dizziness;Drug administration error
10018926,20160713,ADVAIR DISKUS,1,Cough;Wheezing;Eye pain;Pain in jaw;Tooth disorder;Oropharyngeal candidiasis;Visual acuity reduced;Dyspnoea exertional;Candida infection;Multiple sclerosis;Tooth extraction;Overdose;Dyspnoea;Oral candidiasis;Device use error;Therapy cessation;Osteoporosis;Emphysema;Oropharyngeal pain;Throat irritation;Malaise;Bone disorder;Wrong technique in product usage process;Dry mouth;Arthralgia;Muscle spasms;Blood calcium decreased;Off label use;Drug ineffective;Dizziness;Drug administration error
10018926,20160713,VENTOLIN,1,Cough;Wheezing;Eye pain;Pain in jaw;Tooth disorder;Oropharyngeal candidiasis;Visual acuity reduced;Dyspnoea exertional;Candida infection;Multiple sclerosis;Tooth extraction;Overdose;Dyspnoea;Oral candidiasis;Device use error;Therapy cessation;Osteoporosis;Emphysema;Oropharyngeal pain;Throat irritation;Malaise;Bone disorder;Wrong technique in product usage process;Dry mouth;Arthralgia;Muscle spasms;Blood calcium decreased;Off label use;Drug ineffective;Dizziness;Drug administration error
10018926,20160713,CITALOPRAM,2,Cough;Wheezing;Eye pain;Pain in jaw;Tooth disorder;Oropharyngeal candidiasis;Visual acuity reduced;Dyspnoea exertional;Candida infection;Multiple sclerosis;Tooth extraction;Overdose;Dyspnoea;Oral candidiasis;Device use error;Therapy cessation;Osteoporosis;Emphysema;Oropharyngeal pain;Throat irritation;Malaise;Bone disorder;Wrong technique in product usage process;Dry mouth;Arthralgia;Muscle spasms;Blood calcium decreased;Off label use;Drug ineffective;Dizziness;Drug administration error
10018926,20160713,METHOCARBAMOL.,2,Cough;Wheezing;Eye pain;Pain in jaw;Tooth disorder;Oropharyngeal candidiasis;Visual acuity reduced;Dyspnoea exertional;Candida infection;Multiple sclerosis;Tooth extraction;Overdose;Dyspnoea;Oral candidiasis;Device use error;Therapy cessation;Osteoporosis;Emphysema;Oropharyngeal pain;Throat irritation;Malaise;Bone disorder;Wrong technique in product usage process;Dry mouth;Arthralgia;Muscle spasms;Blood calcium decreased;Off label use;Drug ineffective;Dizziness;Drug administration error
10018926,20160713,CYCLOBENZAPRINE,2,Cough;Wheezing;Eye pain;Pain in jaw;Tooth disorder;Oropharyngeal candidiasis;Visual acuity reduced;Dyspnoea exertional;Candida infection;Multiple sclerosis;Tooth extraction;Overdose;Dyspnoea;Oral candidiasis;Device use error;Therapy cessation;Osteoporosis;Emphysema;Oropharyngeal pain;Throat irritation;Malaise;Bone disorder;Wrong technique in product usage process;Dry mouth;Arthralgia;Muscle spasms;Blood calcium decreased;Off label use;Drug ineffective;Dizziness;Drug administration error
10018926,20160713,FUROSEMIDE.,2,Cough;Wheezing;Eye pain;Pain in jaw;Tooth disorder;Oropharyngeal candidiasis;Visual acuity reduced;Dyspnoea exertional;Candida infection;Multiple sclerosis;Tooth extraction;Overdose;Dyspnoea;Oral candidiasis;Device use error;Therapy cessation;Osteoporosis;Emphysema;Oropharyngeal pain;Throat irritation;Malaise;Bone disorder;Wrong technique in product usage process;Dry mouth;Arthralgia;Muscle spasms;Blood calcium decreased;Off label use;Drug ineffective;Dizziness;Drug administration error
10018926,20160713,TRAMADOL.,2,Cough;Wheezing;Eye pain;Pain in jaw;Tooth disorder;Oropharyngeal candidiasis;Visual acuity reduced;Dyspnoea exertional;Candida infection;Multiple sclerosis;Tooth extraction;Overdose;Dyspnoea;Oral candidiasis;Device use error;Therapy cessation;Osteoporosis;Emphysema;Oropharyngeal pain;Throat irritation;Malaise;Bone disorder;Wrong technique in product usage process;Dry mouth;Arthralgia;Muscle spasms;Blood calcium decreased;Off label use;Drug ineffective;Dizziness;Drug administration error
10018926,20160713,NAPROXEN.,2,Cough;Wheezing;Eye pain;Pain in jaw;Tooth disorder;Oropharyngeal candidiasis;Visual acuity reduced;Dyspnoea exertional;Candida infection;Multiple sclerosis;Tooth extraction;Overdose;Dyspnoea;Oral candidiasis;Device use error;Therapy cessation;Osteoporosis;Emphysema;Oropharyngeal pain;Throat irritation;Malaise;Bone disorder;Wrong technique in product usage process;Dry mouth;Arthralgia;Muscle spasms;Blood calcium decreased;Off label use;Drug ineffective;Dizziness;Drug administration error
10018926,20160713,VENTOLIN,1,Cough;Wheezing;Eye pain;Pain in jaw;Tooth disorder;Oropharyngeal candidiasis;Visual acuity reduced;Dyspnoea exertional;Candida infection;Multiple sclerosis;Tooth extraction;Overdose;Dyspnoea;Oral candidiasis;Device use error;Therapy cessation;Osteoporosis;Emphysema;Oropharyngeal pain;Throat irritation;Malaise;Bone disorder;Wrong technique in product usage process;Dry mouth;Arthralgia;Muscle spasms;Blood calcium decreased;Off label use;Drug ineffective;Dizziness;Drug administration error
10018926,20160713,PREDNISONE.,2,Cough;Wheezing;Eye pain;Pain in jaw;Tooth disorder;Oropharyngeal candidiasis;Visual acuity reduced;Dyspnoea exertional;Candida infection;Multiple sclerosis;Tooth extraction;Overdose;Dyspnoea;Oral candidiasis;Device use error;Therapy cessation;Osteoporosis;Emphysema;Oropharyngeal pain;Throat irritation;Malaise;Bone disorder;Wrong technique in product usage process;Dry mouth;Arthralgia;Muscle spasms;Blood calcium decreased;Off label use;Drug ineffective;Dizziness;Drug administration error
10018926,20160713,ADVAIR DISKUS,1,Cough;Wheezing;Eye pain;Pain in jaw;Tooth disorder;Oropharyngeal candidiasis;Visual acuity reduced;Dyspnoea exertional;Candida infection;Multiple sclerosis;Tooth extraction;Overdose;Dyspnoea;Oral candidiasis;Device use error;Therapy cessation;Osteoporosis;Emphysema;Oropharyngeal pain;Throat irritation;Malaise;Bone disorder;Wrong technique in product usage process;Dry mouth;Arthralgia;Muscle spasms;Blood calcium decreased;Off label use;Drug ineffective;Dizziness;Drug administration error
10018926,20160713,RANITIDINE.,2,Cough;Wheezing;Eye pain;Pain in jaw;Tooth disorder;Oropharyngeal candidiasis;Visual acuity reduced;Dyspnoea exertional;Candida infection;Multiple sclerosis;Tooth extraction;Overdose;Dyspnoea;Oral candidiasis;Device use error;Therapy cessation;Osteoporosis;Emphysema;Oropharyngeal pain;Throat irritation;Malaise;Bone disorder;Wrong technique in product usage process;Dry mouth;Arthralgia;Muscle spasms;Blood calcium decreased;Off label use;Drug ineffective;Dizziness;Drug administration error
10018926,20160713,VENTOLIN,1,Cough;Wheezing;Eye pain;Pain in jaw;Tooth disorder;Oropharyngeal candidiasis;Visual acuity reduced;Dyspnoea exertional;Candida infection;Multiple sclerosis;Tooth extraction;Overdose;Dyspnoea;Oral candidiasis;Device use error;Therapy cessation;Osteoporosis;Emphysema;Oropharyngeal pain;Throat irritation;Malaise;Bone disorder;Wrong technique in product usage process;Dry mouth;Arthralgia;Muscle spasms;Blood calcium decreased;Off label use;Drug ineffective;Dizziness;Drug administration error
10018926,20160713,IBUPROFEN.,2,Cough;Wheezing;Eye pain;Pain in jaw;Tooth disorder;Oropharyngeal candidiasis;Visual acuity reduced;Dyspnoea exertional;Candida infection;Multiple sclerosis;Tooth extraction;Overdose;Dyspnoea;Oral candidiasis;Device use error;Therapy cessation;Osteoporosis;Emphysema;Oropharyngeal pain;Throat irritation;Malaise;Bone disorder;Wrong technique in product usage process;Dry mouth;Arthralgia;Muscle spasms;Blood calcium decreased;Off label use;Drug ineffective;Dizziness;Drug administration error
10018926,20160713,ADVAIR DISKUS,1,Cough;Wheezing;Eye pain;Pain in jaw;Tooth disorder;Oropharyngeal candidiasis;Visual acuity reduced;Dyspnoea exertional;Candida infection;Multiple sclerosis;Tooth extraction;Overdose;Dyspnoea;Oral candidiasis;Device use error;Therapy cessation;Osteoporosis;Emphysema;Oropharyngeal pain;Throat irritation;Malaise;Bone disorder;Wrong technique in product usage process;Dry mouth;Arthralgia;Muscle spasms;Blood calcium decreased;Off label use;Drug ineffective;Dizziness;Drug administration error
10018926,20160713,COMBIVENT,2,Cough;Wheezing;Eye pain;Pain in jaw;Tooth disorder;Oropharyngeal candidiasis;Visual acuity reduced;Dyspnoea exertional;Candida infection;Multiple sclerosis;Tooth extraction;Overdose;Dyspnoea;Oral candidiasis;Device use error;Therapy cessation;Osteoporosis;Emphysema;Oropharyngeal pain;Throat irritation;Malaise;Bone disorder;Wrong technique in product usage process;Dry mouth;Arthralgia;Muscle spasms;Blood calcium decreased;Off label use;Drug ineffective;Dizziness;Drug administration error
10018926,20160713,FLONASE,2,Cough;Wheezing;Eye pain;Pain in jaw;Tooth disorder;Oropharyngeal candidiasis;Visual acuity reduced;Dyspnoea exertional;Candida infection;Multiple sclerosis;Tooth extraction;Overdose;Dyspnoea;Oral candidiasis;Device use error;Therapy cessation;Osteoporosis;Emphysema;Oropharyngeal pain;Throat irritation;Malaise;Bone disorder;Wrong technique in product usage process;Dry mouth;Arthralgia;Muscle spasms;Blood calcium decreased;Off label use;Drug ineffective;Dizziness;Drug administration error
10018926,20160713,ALBUTEROL.,2,Cough;Wheezing;Eye pain;Pain in jaw;Tooth disorder;Oropharyngeal candidiasis;Visual acuity reduced;Dyspnoea exertional;Candida infection;Multiple sclerosis;Tooth extraction;Overdose;Dyspnoea;Oral candidiasis;Device use error;Therapy cessation;Osteoporosis;Emphysema;Oropharyngeal pain;Throat irritation;Malaise;Bone disorder;Wrong technique in product usage process;Dry mouth;Arthralgia;Muscle spasms;Blood calcium decreased;Off label use;Drug ineffective;Dizziness;Drug administration error
10018926,20160713,OMEPRAZOLE.,2,Cough;Wheezing;Eye pain;Pain in jaw;Tooth disorder;Oropharyngeal candidiasis;Visual acuity reduced;Dyspnoea exertional;Candida infection;Multiple sclerosis;Tooth extraction;Overdose;Dyspnoea;Oral candidiasis;Device use error;Therapy cessation;Osteoporosis;Emphysema;Oropharyngeal pain;Throat irritation;Malaise;Bone disorder;Wrong technique in product usage process;Dry mouth;Arthralgia;Muscle spasms;Blood calcium decreased;Off label use;Drug ineffective;Dizziness;Drug administration error
10019289,20201103,SANDOSTATIN,2,Prescribed overdose;Anaphylactic shock;Dyspnoea exertional;Nausea;Oropharyngeal pain;Chest pain;Drug intolerance;Eyelid oedema;Erythema;Urticaria;Headache;Hypoaesthesia;Paraesthesia;Pruritus;Drug ineffective;Myalgia
10019289,20201103,SOMAVERT,1,Prescribed overdose;Anaphylactic shock;Dyspnoea exertional;Nausea;Oropharyngeal pain;Chest pain;Drug intolerance;Eyelid oedema;Erythema;Urticaria;Headache;Hypoaesthesia;Paraesthesia;Pruritus;Drug ineffective;Myalgia
10019289,20201103,SYNTHROID,2,Prescribed overdose;Anaphylactic shock;Dyspnoea exertional;Nausea;Oropharyngeal pain;Chest pain;Drug intolerance;Eyelid oedema;Erythema;Urticaria;Headache;Hypoaesthesia;Paraesthesia;Pruritus;Drug ineffective;Myalgia
10019289,20201103,SOMAVERT,1,Prescribed overdose;Anaphylactic shock;Dyspnoea exertional;Nausea;Oropharyngeal pain;Chest pain;Drug intolerance;Eyelid oedema;Erythema;Urticaria;Headache;Hypoaesthesia;Paraesthesia;Pruritus;Drug ineffective;Myalgia
10019289,20201103,DOSTINEX,2,Prescribed overdose;Anaphylactic shock;Dyspnoea exertional;Nausea;Oropharyngeal pain;Chest pain;Drug intolerance;Eyelid oedema;Erythema;Urticaria;Headache;Hypoaesthesia;Paraesthesia;Pruritus;Drug ineffective;Myalgia
10019289,20201103,SANDOSTATIN,2,Prescribed overdose;Anaphylactic shock;Dyspnoea exertional;Nausea;Oropharyngeal pain;Chest pain;Drug intolerance;Eyelid oedema;Erythema;Urticaria;Headache;Hypoaesthesia;Paraesthesia;Pruritus;Drug ineffective;Myalgia
10019289,20201103,SOMAVERT,1,Prescribed overdose;Anaphylactic shock;Dyspnoea exertional;Nausea;Oropharyngeal pain;Chest pain;Drug intolerance;Eyelid oedema;Erythema;Urticaria;Headache;Hypoaesthesia;Paraesthesia;Pruritus;Drug ineffective;Myalgia
10019289,20201103,DOSTINEX,2,Prescribed overdose;Anaphylactic shock;Dyspnoea exertional;Nausea;Oropharyngeal pain;Chest pain;Drug intolerance;Eyelid oedema;Erythema;Urticaria;Headache;Hypoaesthesia;Paraesthesia;Pruritus;Drug ineffective;Myalgia
10019289,20201103,TESTOSTERONE.,2,Prescribed overdose;Anaphylactic shock;Dyspnoea exertional;Nausea;Oropharyngeal pain;Chest pain;Drug intolerance;Eyelid oedema;Erythema;Urticaria;Headache;Hypoaesthesia;Paraesthesia;Pruritus;Drug ineffective;Myalgia
10019289,20201103,SOMAVERT,1,Prescribed overdose;Anaphylactic shock;Dyspnoea exertional;Nausea;Oropharyngeal pain;Chest pain;Drug intolerance;Eyelid oedema;Erythema;Urticaria;Headache;Hypoaesthesia;Paraesthesia;Pruritus;Drug ineffective;Myalgia
10019289,20201103,DOSTINEX,2,Prescribed overdose;Anaphylactic shock;Dyspnoea exertional;Nausea;Oropharyngeal pain;Chest pain;Drug intolerance;Eyelid oedema;Erythema;Urticaria;Headache;Hypoaesthesia;Paraesthesia;Pruritus;Drug ineffective;Myalgia
10019348,20140318,TYLENOL EXTRA STRENGTH,1,Cirrhosis alcoholic;Hypovolaemic shock;Myocardial ischaemia;Pancreatitis haemorrhagic;Bronchopneumonia;Pulmonary oedema;Pleural fibrosis;Acute hepatic failure;Renal failure acute;Upper gastrointestinal haemorrhage;Disseminated intravascular coagulation;Overdose
10019348,20140318,TYLENOL EXTRA STRENGTH,1,Cirrhosis alcoholic;Hypovolaemic shock;Myocardial ischaemia;Pancreatitis haemorrhagic;Bronchopneumonia;Pulmonary oedema;Pleural fibrosis;Acute hepatic failure;Renal failure acute;Upper gastrointestinal haemorrhage;Disseminated intravascular coagulation;Overdose
10019348,20140318,ETHANOL,2,Cirrhosis alcoholic;Hypovolaemic shock;Myocardial ischaemia;Pancreatitis haemorrhagic;Bronchopneumonia;Pulmonary oedema;Pleural fibrosis;Acute hepatic failure;Renal failure acute;Upper gastrointestinal haemorrhage;Disseminated intravascular coagulation;Overdose
10019529,20141126,OXYCONTIN,1,Overdose;Victim of homicide;Accidental exposure to product
10019600,20140318,ADVIL,1,Diverticulitis;Haemorrhoids;Overdose;Faeces discoloured;Abdominal pain upper
10019600,20140318,TYLENOL,1,Diverticulitis;Haemorrhoids;Overdose;Faeces discoloured;Abdominal pain upper
10019600,20140318,PROZAC,2,Diverticulitis;Haemorrhoids;Overdose;Faeces discoloured;Abdominal pain upper
10019600,20140318,AMBIEN,2,Diverticulitis;Haemorrhoids;Overdose;Faeces discoloured;Abdominal pain upper
10019662,20140610,CLARITIN ORAL SOLUTION,1,Overdose;Inappropriate schedule of drug administration
10019662,20140610,CLARITIN ORAL SOLUTION,1,Overdose;Inappropriate schedule of drug administration
10020665,20140122,DILAUDID,1,Overdose;Cardiac arrest;Brain injury;Blindness;Cardio-respiratory arrest;Cerebrovascular accident;Neck pain;Back pain;Arthralgia;Phantom pain
10020665,20140122,AMITRIPTYLINE,1,Overdose;Cardiac arrest;Brain injury;Blindness;Cardio-respiratory arrest;Cerebrovascular accident;Neck pain;Back pain;Arthralgia;Phantom pain
10020665,20140122,WELCHOL,1,Overdose;Cardiac arrest;Brain injury;Blindness;Cardio-respiratory arrest;Cerebrovascular accident;Neck pain;Back pain;Arthralgia;Phantom pain
10020665,20140122,ULTRAM,1,Overdose;Cardiac arrest;Brain injury;Blindness;Cardio-respiratory arrest;Cerebrovascular accident;Neck pain;Back pain;Arthralgia;Phantom pain
10020665,20140122,PROTONIX,1,Overdose;Cardiac arrest;Brain injury;Blindness;Cardio-respiratory arrest;Cerebrovascular accident;Neck pain;Back pain;Arthralgia;Phantom pain
10020665,20140122,CYMBALTA,1,Overdose;Cardiac arrest;Brain injury;Blindness;Cardio-respiratory arrest;Cerebrovascular accident;Neck pain;Back pain;Arthralgia;Phantom pain
10020665,20140122,NEURONTIN,1,Overdose;Cardiac arrest;Brain injury;Blindness;Cardio-respiratory arrest;Cerebrovascular accident;Neck pain;Back pain;Arthralgia;Phantom pain
10020665,20140122,LISINOPRIL,1,Overdose;Cardiac arrest;Brain injury;Blindness;Cardio-respiratory arrest;Cerebrovascular accident;Neck pain;Back pain;Arthralgia;Phantom pain
10020665,20140122,NORVASC,1,Overdose;Cardiac arrest;Brain injury;Blindness;Cardio-respiratory arrest;Cerebrovascular accident;Neck pain;Back pain;Arthralgia;Phantom pain
10020665,20140122,PRAVACHOL,1,Overdose;Cardiac arrest;Brain injury;Blindness;Cardio-respiratory arrest;Cerebrovascular accident;Neck pain;Back pain;Arthralgia;Phantom pain
10020665,20140122,HYDROMORPHONE/ BUPIVACAINE,1,Overdose;Cardiac arrest;Brain injury;Blindness;Cardio-respiratory arrest;Cerebrovascular accident;Neck pain;Back pain;Arthralgia;Phantom pain
10020689,20140319,IBUBETA 400 AKUT (IBUPROFEN),1,Intentional overdose;No adverse event
10020689,20140319,PANTOZOL 20,1,Intentional overdose;No adverse event
10020689,20140319,DIMENHYDRINATE,1,Intentional overdose;No adverse event
10020689,20140319,PARACETAMOL 500,1,Intentional overdose;No adverse event
10020689,20140319,TEGRETAL,1,Intentional overdose;No adverse event
10020689,20140319,IRON,1,Intentional overdose;No adverse event
10020689,20140319,ATROPINE SULFATE\MERCURIC CYANIDE\POTASSIUM DICHROMATE,1,Intentional overdose;No adverse event
10020895,20140319,INVEGA,1,Self injurious behaviour;Intentional overdose;Sluggishness
10020895,20140319,INVEGA,1,Self injurious behaviour;Intentional overdose;Sluggishness
